Workbook

Sheet Roadmap
A1: KidGuard: build roadmap (do the steps in order)
A2: Effort ranges are rough estimates for a small team; replace them with your own. Tick progress on the Tracker sheet. Copy each step's prompt from the Prompts sheet.
A4: Step | B4: Stage | C4: Folder | D4: Goal | E4: What to do | F4: Done when (test) | G4: Effort (estimate) | H4: Risk
A5: 0 | B5: Setup and decisions | C5: docs / design | D5: Lock the open questions and prepare accounts and tools. | E5: 1) Answer the PRD open questions (India-first or global, free tier, name). 2) Create Google Play Developer, Firebase and Supabase accounts. 3) Install Android Studio, Flutter SDK, Git. 4) Buy 3 or 4 test phones or use friends' (Samsung, Xiaomi, Oppo or Vivo, Pixel). 5) Create a git repo in D:\app for kids. | F5: Android Studio and Flutter run a hello-world on a real phone; accounts exist. | G5: 2-3 days | H5: Low
A6: 1 | B6: Backend: database and security | C6: backend | D6: Create the Supabase schema, row-level security and pairing logic. | E6: 1) Create the tables from PRD section 9. 2) Add row-level security so each family sees only its own rows. 3) Edge function to create and redeem 6-digit pairing codes (10 min expiry). 4) Scheduled job to delete location points older than 30 days. 5) Seed test data. | F6: SQL tests prove family A cannot read family B data; pairing code works once and expires. | G6: 4-6 days | H6: Medium
A7: 2 | B7: Child app spike (riskiest part) | C7: child-app | D7: Prove that blocking apps, usage tracking and location work on real phones. | E7: 1) New Kotlin Android project. 2) Usage Access to read per-app foreground time. 3) Overlay block screen when a test app is opened. 4) Foreground service with persistent notification. 5) Fused location every 5 minutes. 6) Test on 3 to 4 brands and write down what breaks. | F7: On at least 3 phone brands: a blocked app shows the block screen within 2 seconds and location keeps updating for 1 hour with the screen off. | G7: 1-2 weeks | H7: High
A8: 3 | B8: Parent app and pairing | C8: parent-app / child-app | D8: Parent signs up, adds a child, pairs the child phone and child sees consent. | E8: 1) Flutter app with sign-in (email OTP, Google). 2) Add child (name, age band, avatar). 3) Show 6-digit code and QR. 4) Child app: enter code or scan QR, consent screen, permission wizard. 5) Device token stored; parent sees child as connected. | F8: Two real phones pair in under 2 minutes; unpair deletes the device token. | G8: 1-2 weeks | H8: Medium
A9: 4 | B9: Rules and enforcement | C9: parent-app / child-app / backend | D9: Daily limit, per-app limits, downtime, always-allowed list, lock, request more time. | E9: 1) Parent screens for daily limit (weekday and weekend), per-app limits, downtime, blocked apps. 2) Rules saved as versioned rows. 3) Child pulls rules via Realtime and FCM and stores locally. 4) Local rule engine enforces offline using server time offset. 5) Block screen shows reason, end time, Ask for more time. 6) Time request push to parent, approve or deny in one tap. 7) Instant lock. | F9: Setting a 1 minute limit blocks the app within 30 seconds; approving a request unblocks within 10 seconds; works in airplane mode. | G9: 2-3 weeks | H9: High
A10: 5 | B10: Location and geofences | C10: parent-app / child-app / backend | D10: Live location, 30-day history, geofence alerts, battery and offline alerts. | E10: 1) Child uploads batched location points. 2) Parent map with last updated time and Refresh now (push asks child for a fix). 3) 30-day route timeline. 4) Create geofences (home, school) with radius. 5) Detect enter and exit on the child (Geofencing API) and send alerts. 6) Low battery and offline alerts. | F10: Walking out of a 100 m geofence sends the parent an alert within 2 minutes; Refresh now returns a fix within 60 seconds. | G10: 2 weeks | H10: Medium
A11: 6 | B11: Alerts and reports | C11: parent-app / backend | D11: Push alerts, in-app inbox, tamper alerts, daily and weekly reports. | E11: 1) Alerts for limit reached, new app installed, permission revoked, uninstall attempt. 2) Device Admin for uninstall protection and permission-revoked detection. 3) Daily and weekly usage report by app and category. 4) Parent alerts inbox. 5) Optional weekly email digest. | F11: Revoking Usage Access on the child phone alerts the parent within 1 minute of the next connection; report totals match the phone's Digital Wellbeing within 5 percent. | G11: 1-2 weeks | H11: Medium
A12: 7 | B12: Billing and trial | C12: parent-app / backend | D12: 3-day trial, monthly and yearly subscription, free tier, restore purchases. | E12: 1) Create products in Play Console (monthly, yearly). 2) Integrate Google Play Billing (or RevenueCat). 3) Trial starts at pairing. 4) Edge function verifies purchases and writes subscription rows. 5) Paywall at trial end; grace period 7 days; restore purchases. 6) Gate features by plan. | F12: A test purchase with a licence tester account unlocks features within 1 minute; expiry downgrades to the free tier. | G12: 1-2 weeks | H12: Medium
A13: 8 | B13: Hardening, privacy and polish | C13: all | D13: Make it secure, honest, accessible and ready for review. | E13: 1) Security review and pen test checklist. 2) Data export and delete (30 days). 3) Child-facing About screen and parent privacy page. 4) Privacy policy and terms. 5) English and Hindi strings. 6) Accessibility pass (contrast, 48 dp, TalkBack). 7) OEM battery guides and stale-device alert. 8) Crash reporting without child identifiers. | F13: All items in PRD section 10.4 are ticked; app passes a basic security scan; Hindi UI complete. | G13: 2-3 weeks | H13: Medium
A14: 9 | B14: Beta and Play Store launch | C14: docs | D14: Run a 50-family beta, pass Play review and roll out in stages. | E14: 1) Closed testing track with 50 families. 2) Play Console: Data Safety form, permission declarations with demo videos, Families Policy review, store listing. 3) Fix beta bugs until 99 percent crash-free. 4) Staged rollout 5, 20, 50, 100 percent. 5) Help centre and support email. | F14: Production approved on Google Play; crash-free sessions at least 99 percent; first 100 families paired. | G14: 4-6 weeks | H14: High

Sheet Prompts
A1: Copy-paste prompts (one per step)
A2: How to use: open a NEW chat for each step, paste the Context prompt first, then paste that step's prompt. Finish and test a step before starting the next. If a step is too big, ask for it in two halves.
A4: Step | B4: Stage | C4: Prompt to paste
A5: Context | B5: Paste first in every chat | C5: CONTEXT (paste this at the start of every new chat): I am building KidGuard, a transparent parental control app. Parent app in Flutter (Android and iOS), child app in native Kotlin (Android 10+), backend on Supabase (Postgres, Auth, Realtime, Edge Functions), push via Firebase FCM, billing via Google Play Billing. The full requirements are in D:\app for kids\docs\PRD.md. Rules: no stealth mode, no hidden icon, collect the minimum data, a persistent child-visible notification while monitoring, no message or browsing content collected. Project folder: D:\app for kids (folders: backend, child-app, parent-app, design, docs, research). Work only on the step I name, write files into the right folder, keep code simple and commented, and tell me exactly how to run and test it.
A6: 0 | B6: Setup and decisions | C6: Help me set up my development environment on Windows for the KidGuard project. Give me a checklist with exact download links and commands to install Android Studio, the Flutter SDK, Git and the Supabase CLI. Then give me the exact commands to initialise a git repo in D:\app for kids with a sensible .gitignore for Flutter, Android and Supabase, and make the first commit. Finally list how to enable USB debugging on a phone and run a hello-world on it.
A7: 1 | B7: Backend: database and security | C7: Work on STEP 1: the backend. Read D:\app for kids\docs\PRD.md section 9 (data model) and section 10.3 (privacy controls). Write Supabase SQL migrations in D:\app for kids\backend\supabase\migrations that create the tables family, guardian, child, device, pairing_code, rule, app_usage, location_point, geofence, alert, time_request, subscription and audit_log, with foreign keys and indexes. Add row-level security policies so a guardian only reads and writes rows of their own family, and a paired device can only write usage, location and time requests for its own child. Write edge functions create_pairing_code and redeem_pairing_code (6 digits, 10 minute expiry, single use) and a daily job that deletes location points older than 30 days. Add a seed script and a test SQL file that proves family A cannot read family B. Explain how to apply and test it.
A8: 2 | B8: Child app spike (riskiest part) | C8: Work on STEP 2: the child app spike. Create a native Kotlin Android project in D:\app for kids\child-app (min SDK 29, Jetpack Compose). Implement: (a) a permission wizard for Usage Access, Display over other apps, fine and background location, notifications and battery optimisation exemption, each with a plain-language explanation screen first; (b) a foreground service with a persistent notification saying monitoring is on; (c) a UsageStatsManager poller that detects the foreground app every 1 second and a hard-coded blocklist that triggers a full-screen overlay block screen with the text 'This app is paused. Ask for more time' ; (d) a fused location provider that logs a point every 5 minutes (every 30 minutes when still) to a local Room database. Do NOT use the Accessibility Service. Add a debug screen showing the live foreground app, service status and last location. Explain how to build, install on a phone and what to test on Xiaomi, Oppo, Vivo and Samsung battery settings.
A9: 3 | B9: Parent app and pairing | C9: Work on STEP 3: parent app and pairing. Read PRD sections 5.1, 7 and 12. In D:\app for kids\parent-app create a Flutter app with Supabase auth (email OTP and Google sign-in), an add-child screen (name, age band 6-9 / 10-12 / 13-17, avatar), and a pairing screen that calls create_pairing_code and shows the 6-digit code and a QR. In D:\app for kids\child-app add: enter-code or scan-QR screen, a full-screen plain-language consent screen listing exactly what is monitored (screen time, app usage, location) with an Accept button, then the existing permission wizard. After redeem_pairing_code succeeds, store the device token securely and show the parent app the child as Connected with battery and last seen. Add Unpair that revokes the token. Use my existing Supabase schema and keep UI calm and simple.
A10: 4 | B10: Rules and enforcement | C10: Work on STEP 4: rules and enforcement. Read PRD sections 5.2, 7 and 13. Build parent screens for daily screen-time limit (weekday and weekend values), per-app limits, downtime schedule, blocked and always-allowed apps (phone, maps, emergency calling never blocked), and an instant lock button. Save rules as versioned rows in the rule table. In the child app, sync rules through Supabase Realtime plus an FCM wake-up, store them in Room, and write a local rule engine that enforces them offline, using a stored server-time offset so changing the phone clock does not help. Update the block screen to show the reason, the time it ends and an Ask for more time button that creates a time_request row and sends the parent a push. Build the parent requests inbox with one-tap approve or deny that adds minutes or keeps the block, and tell the child the result within 10 seconds. Include unit tests for the rule engine.
A11: 5 | B11: Location and geofences | C11: Work on STEP 5: location and geofences. Read PRD sections 5.3 and 13. In the child app upload batched location points to the location_point table (adaptive frequency: 5 minutes moving, 30 minutes still) and register geofences from the geofence table using the Android Geofencing API, sending an alert row on enter and exit. Add a handler for a 'refresh location now' FCM message that returns a fresh fix. In the parent app add a Google Maps screen with the live position and last-updated time, a Refresh now button, a 30-day route history timeline with stops and trips, a geofence editor (name, centre, radius, max 10 per family) and alert settings. Add low-battery (15 percent) and device-offline (30 minutes) alerts through an edge function. Show a clear in-app prominent disclosure before background location is requested.
A12: 6 | B12: Alerts and reports | C12: Work on STEP 6: alerts and reports. Read PRD sections 5.4 and 5.5. In the child app add Device Admin (clearly explained to the user) for uninstall protection, detect revoked permissions, new app installs and uninstall attempts, aggregate daily app usage per package and upload it to app_usage. In the backend add an edge function that turns these events into alert rows and sends FCM pushes to all guardians. In the parent app build the alerts inbox, a daily and weekly report screen with usage by app and by category (use Play Store category metadata where available), and an Android and iOS notification setup. Add an optional weekly email digest edge function. Compare totals with Digital Wellbeing and report any gap.
A13: 7 | B13: Billing and trial | C13: Work on STEP 7: billing. Read PRD sections 5.6 and 11. Integrate Google Play Billing in the parent app (use RevenueCat if it makes this simpler and tell me the trade-off) with a monthly and a yearly subscription and a 3-day free trial that starts when the first child is paired, not at install. Add an edge function that verifies purchases server-side and writes the subscription table, a paywall screen at trial end, a 7-day grace period for failed payments, a restore purchases button, and a free tier (1 child, live location only). Gate features by plan in both apps. Give me step-by-step instructions to create the products and licence-tester accounts in Play Console and how to test.
A14: 8 | B14: Hardening, privacy and polish | C14: Work on STEP 8: hardening and polish. Read PRD sections 10, 12 and 13. Audit the whole project against the PRD privacy controls and give me a prioritised list of gaps, then fix them: data export and delete-account flows (deletion within 30 days), the child About screen explaining what the parent can and cannot see, the parent Data and privacy page, certificate pinning on the child app, encrypted local storage, no child data in logs. Add English and Hindi string resources for both apps, an accessibility pass (4.5:1 contrast, 48 dp targets, TalkBack labels), per-brand battery-setup guides in the child permission wizard, and a stale-device alert when the child app stops reporting for 30 minutes. Draft a plain-language privacy policy and terms (marked for lawyer review) in D:\app for kids\docs.
A15: 9 | B15: Beta and Play Store launch | C15: Work on STEP 9: beta and launch. Read PRD sections 10, 14 and 15. Produce in D:\app for kids\docs: (a) a Play Console submission pack with the Data Safety form answers, the text for each sensitive permission declaration (usage access, overlay, location, foreground service, device admin), a storyboard for each demo video, and the Families Policy self-review; (b) the store listing copy in English and Hindi with screenshots list; (c) a beta plan for 50 families with recruiting message, feedback form questions and exit criteria; (d) a staged rollout and rollback checklist; (e) a help-centre outline including battery-setup guides for Xiaomi, Oppo, Vivo, Samsung and OnePlus; (f) an analytics event list from PRD section 14. Re-check Google's current policy pages for anything that changed.

Sheet Tracker
A1: Progress tracker
A2: Blue cells are yours to edit: pick a Status, enter dates and notes. The summary updates automatically.
A4: Step | B4: Stage | C4: Status | D4: Start date | E4: Done date | F4: Days taken | G4: Notes / blockers
A5: =Roadmap!A5 -> 0 | B5: =Roadmap!B5 -> Setup and decisions | C5: Not started | F5: =IF(AND(ISNUMBER(D5),ISNUMBER(E5)),E5-D5,"")
A6: =Roadmap!A6 -> 1 | B6: =Roadmap!B6 -> Backend: database and security | C6: Not started | F6: =IF(AND(ISNUMBER(D6),ISNUMBER(E6)),E6-D6,"")
A7: =Roadmap!A7 -> 2 | B7: =Roadmap!B7 -> Child app spike (riskiest part) | C7: Not started | F7: =IF(AND(ISNUMBER(D7),ISNUMBER(E7)),E7-D7,"")
A8: =Roadmap!A8 -> 3 | B8: =Roadmap!B8 -> Parent app and pairing | C8: Not started | F8: =IF(AND(ISNUMBER(D8),ISNUMBER(E8)),E8-D8,"")
A9: =Roadmap!A9 -> 4 | B9: =Roadmap!B9 -> Rules and enforcement | C9: Not started | F9: =IF(AND(ISNUMBER(D9),ISNUMBER(E9)),E9-D9,"")
A10: =Roadmap!A10 -> 5 | B10: =Roadmap!B10 -> Location and geofences | C10: Not started | F10: =IF(AND(ISNUMBER(D10),ISNUMBER(E10)),E10-D10,"")
A11: =Roadmap!A11 -> 6 | B11: =Roadmap!B11 -> Alerts and reports | C11: Not started | F11: =IF(AND(ISNUMBER(D11),ISNUMBER(E11)),E11-D11,"")
A12: =Roadmap!A12 -> 7 | B12: =Roadmap!B12 -> Billing and trial | C12: Not started | F12: =IF(AND(ISNUMBER(D12),ISNUMBER(E12)),E12-D12,"")
A13: =Roadmap!A13 -> 8 | B13: =Roadmap!B13 -> Hardening, privacy and polish | C13: Not started | F13: =IF(AND(ISNUMBER(D13),ISNUMBER(E13)),E13-D13,"")
A14: =Roadmap!A14 -> 9 | B14: =Roadmap!B14 -> Beta and Play Store launch | C14: Not started | F14: =IF(AND(ISNUMBER(D14),ISNUMBER(E14)),E14-D14,"")
A17: Summary
A18: Steps done | B18: =COUNTIF(C5:C14,"Done") -> 0
A19: Steps in progress | B19: =COUNTIF(C5:C14,"In progress") -> 0
A20: Steps blocked | B20: =COUNTIF(C5:C14,"Blocked") -> 0
A21: Total steps | B21: =COUNTA(B5:B14) -> 10
A22: Percent complete | B22: =IF(B21=0,0,B18/B21) -> 0
